prompt,classname,classidx
a photo of a tench.,tench,0
a photo of a goldfish.,goldfish,1
a photo of a great white shark.,great white shark,2
a photo of a tiger shark.,tiger shark,3
a photo of a hammerhead shark.,hammerhead shark,4
a photo of a electric ray.,electric ray,5
a photo of a stingray.,stingray,6
a photo of a rooster.,rooster,7
a photo of a cock.,cock,7
a photo of a hen.,hen,8
a photo of a ostrich.,ostrich,9
a photo of a brambling.,brambling,10
a photo of a goldfinch.,goldfinch,11
a photo of a house finch.,house finch,12
a photo of a junco.,junco,13
a photo of a indigo bunting.,indigo bunting,14
a photo of a American robin.,American robin,15
a photo of a robin.,robin,15
a photo of a bulbul.,bulbul,16
a photo of a jay.,jay,17
a photo of a magpie.,magpie,18
a photo of a chickadee.,chickadee,19
a photo of a water ouzel.,water ouzel,20
a photo of a American dipper.,American dipper,20
a photo of a kite (bird of prey).,kite (bird of prey),21
a photo of a bald eagle.,bald eagle,22
a photo of a vulture.,vulture,23
a photo of a great grey owl.,great grey owl,24
a photo of a fire salamander.,fire salamander,25
a photo of a smooth newt.,smooth newt,26
a photo of a newt.,newt,27
a photo of a spotted salamander.,spotted salamander,28
a photo of a axolotl.,axolotl,29
a photo of a American bullfrog.,American bullfrog,30
a photo of a tree frog.,tree frog,31
a photo of a tailed frog.,tailed frog,32
a photo of a loggerhead sea turtle.,loggerhead sea turtle,33
a photo of a leatherback sea turtle.,leatherback sea turtle,34
a photo of a mud turtle.,mud turtle,35
a photo of a terrapin.,terrapin,36
a photo of a box turtle.,box turtle,37
a photo of a banded gecko.,banded gecko,38
a photo of a green iguana.,green iguana,39
a photo of a Carolina anole.,Carolina anole,40
a photo of a desert grassland whiptail lizard.,desert grassland whiptail lizard,41
a photo of a agama.,agama,42
a photo of a frilled-necked lizard.,frilled-necked lizard,43
a photo of a alligator lizard.,alligator lizard,44
a photo of a Gila monster.,Gila monster,45
a photo of a European green lizard.,European green lizard,46
a photo of a chameleon.,chameleon,47
a photo of a Komodo dragon.,Komodo dragon,48
a photo of a Nile crocodile.,Nile crocodile,49
a photo of a American alligator.,American alligator,50
a photo of a triceratops.,triceratops,51
a photo of a worm snake.,worm snake,52
a photo of a ring-necked snake.,ring-necked snake,53
a photo of a eastern hog-nosed snake.,eastern hog-nosed snake,54
a photo of a smooth green snake.,smooth green snake,55
a photo of a kingsnake.,kingsnake,56
a photo of a garter snake.,garter snake,57
a photo of a water snake.,water snake,58
a photo of a vine snake.,vine snake,59
a photo of a night snake.,night snake,60
a photo of a boa constrictor.,boa constrictor,61
a photo of a African rock python.,African rock python,62
a photo of a Indian cobra.,Indian cobra,63
a photo of a green mamba.,green mamba,64
a photo of a sea snake.,sea snake,65
a photo of a Saharan horned viper.,Saharan horned viper,66
a photo of a eastern diamondback rattlesnake.,eastern diamondback rattlesnake,67
a photo of a sidewinder rattlesnake.,sidewinder rattlesnake,68
a photo of a trilobite.,trilobite,69
a photo of a harvestman.,harvestman,70
a photo of a scorpion.,scorpion,71
a photo of a yellow garden spider.,yellow garden spider,72
a photo of a barn spider.,barn spider,73
a photo of a European garden spider.,European garden spider,74
a photo of a southern black widow.,southern black widow,75
a photo of a tarantula.,tarantula,76
a photo of a wolf spider.,wolf spider,77
a photo of a tick.,tick,78
a photo of a centipede.,centipede,79
a photo of a black grouse.,black grouse,80
a photo of a ptarmigan.,ptarmigan,81
a photo of a ruffed grouse.,ruffed grouse,82
a photo of a prairie grouse.,prairie grouse,83
a photo of a peafowl.,peafowl,84
a photo of a quail.,quail,85
a photo of a partridge.,partridge,86
a photo of a african grey parrot.,african grey parrot,87
a photo of a macaw.,macaw,88
a photo of a sulphur-crested cockatoo.,sulphur-crested cockatoo,89
a photo of a lorikeet.,lorikeet,90
a photo of a coucal.,coucal,91
a photo of a bee eater.,bee eater,92
a photo of a hornbill.,hornbill,93
a photo of a hummingbird.,hummingbird,94
a photo of a jacamar.,jacamar,95
a photo of a toucan.,toucan,96
a photo of a duck.,duck,97
a photo of a red-breasted merganser.,red-breasted merganser,98
a photo of a goose.,goose,99
a photo of a black swan.,black swan,100
a photo of a tusker.,tusker,101
a photo of a echidna.,echidna,102
a photo of a platypus.,platypus,103
a photo of a wallaby.,wallaby,104
a photo of a koala.,koala,105
a photo of a wombat.,wombat,106
a photo of a jellyfish.,jellyfish,107
a photo of a sea anemone.,sea anemone,108
a photo of a brain coral.,brain coral,109
a photo of a flatworm.,flatworm,110
a photo of a nematode.,nematode,111
a photo of a conch.,conch,112
a photo of a snail.,snail,113
a photo of a slug.,slug,114
a photo of a sea slug.,sea slug,115
a photo of a chiton.,chiton,116
a photo of a chambered nautilus.,chambered nautilus,117
a photo of a Dungeness crab.,Dungeness crab,118
a photo of a rock crab.,rock crab,119
a photo of a fiddler crab.,fiddler crab,120
a photo of a red king crab.,red king crab,121
a photo of a American lobster.,American lobster,122
a photo of a spiny lobster.,spiny lobster,123
a photo of a crayfish.,crayfish,124
a photo of a hermit crab.,hermit crab,125
a photo of a isopod.,isopod,126
a photo of a white stork.,white stork,127
a photo of a black stork.,black stork,128
a photo of a spoonbill.,spoonbill,129
a photo of a flamingo.,flamingo,130
a photo of a little blue heron.,little blue heron,131
a photo of a great egret.,great egret,132
a photo of a bittern bird.,bittern bird,133
a photo of a crane bird.,crane bird,134
a photo of a crane.,crane,134
a photo of a limpkin.,limpkin,135
a photo of a common gallinule.,common gallinule,136
a photo of a American coot.,American coot,137
a photo of a bustard.,bustard,138
a photo of a ruddy turnstone.,ruddy turnstone,139
a photo of a dunlin.,dunlin,140
a photo of a common redshank.,common redshank,141
a photo of a dowitcher.,dowitcher,142
a photo of a oystercatcher.,oystercatcher,143
a photo of a pelican.,pelican,144
a photo of a king penguin.,king penguin,145
a photo of a albatross.,albatross,146
a photo of a grey whale.,grey whale,147
a photo of a killer whale.,killer whale,148
a photo of a dugong.,dugong,149
a photo of a sea lion.,sea lion,150
a photo of a Chihuahua.,Chihuahua,151
a photo of a Japanese Chin.,Japanese Chin,152
a photo of a Maltese.,Maltese,153
a photo of a Pekingese.,Pekingese,154
a photo of a Shih Tzu.,Shih Tzu,155
a photo of a King Charles Spaniel.,King Charles Spaniel,156
a photo of a Papillon.,Papillon,157
a photo of a toy terrier.,toy terrier,158
a photo of a Rhodesian Ridgeback.,Rhodesian Ridgeback,159
a photo of a Afghan Hound.,Afghan Hound,160
a photo of a Basset Hound.,Basset Hound,161
a photo of a Beagle.,Beagle,162
a photo of a Bloodhound.,Bloodhound,163
a photo of a Bluetick Coonhound.,Bluetick Coonhound,164
a photo of a Black and Tan Coonhound.,Black and Tan Coonhound,165
a photo of a Treeing Walker Coonhound.,Treeing Walker Coonhound,166
a photo of a English foxhound.,English foxhound,167
a photo of a Redbone Coonhound.,Redbone Coonhound,168
a photo of a borzoi.,borzoi,169
a photo of a Irish Wolfhound.,Irish Wolfhound,170
a photo of a Italian Greyhound.,Italian Greyhound,171
a photo of a Whippet.,Whippet,172
a photo of a Ibizan Hound.,Ibizan Hound,173
a photo of a Norwegian Elkhound.,Norwegian Elkhound,174
a photo of a Otterhound.,Otterhound,175
a photo of a Saluki.,Saluki,176
a photo of a Scottish Deerhound.,Scottish Deerhound,177
a photo of a Weimaraner.,Weimaraner,178
a photo of a Staffordshire Bull Terrier.,Staffordshire Bull Terrier,179
a photo of a American Staffordshire Terrier.,American Staffordshire Terrier,180
a photo of a Bedlington Terrier.,Bedlington Terrier,181
a photo of a Border Terrier.,Border Terrier,182
a photo of a Kerry Blue Terrier.,Kerry Blue Terrier,183
a photo of a Irish Terrier.,Irish Terrier,184
a photo of a Norfolk Terrier.,Norfolk Terrier,185
a photo of a Norwich Terrier.,Norwich Terrier,186
a photo of a Yorkshire Terrier.,Yorkshire Terrier,187
a photo of a Wire Fox Terrier.,Wire Fox Terrier,188
a photo of a Lakeland Terrier.,Lakeland Terrier,189
a photo of a Sealyham Terrier.,Sealyham Terrier,190
a photo of a Airedale Terrier.,Airedale Terrier,191
a photo of a Cairn Terrier.,Cairn Terrier,192
a photo of a Australian Terrier.,Australian Terrier,193
a photo of a Dandie Dinmont Terrier.,Dandie Dinmont Terrier,194
a photo of a Boston Terrier.,Boston Terrier,195
a photo of a Miniature Schnauzer.,Miniature Schnauzer,196
a photo of a Giant Schnauzer.,Giant Schnauzer,197
a photo of a Standard Schnauzer.,Standard Schnauzer,198
a photo of a Scottish Terrier.,Scottish Terrier,199
a photo of a Tibetan Terrier.,Tibetan Terrier,200
a photo of a Australian Silky Terrier.,Australian Silky Terrier,201
a photo of a Soft-coated Wheaten Terrier.,Soft-coated Wheaten Terrier,202
a photo of a West Highland White Terrier.,West Highland White Terrier,203
a photo of a Lhasa Apso.,Lhasa Apso,204
a photo of a Flat-Coated Retriever.,Flat-Coated Retriever,205
a photo of a Curly-coated Retriever.,Curly-coated Retriever,206
a photo of a Golden Retriever.,Golden Retriever,207
a photo of a Labrador Retriever.,Labrador Retriever,208
a photo of a Chesapeake Bay Retriever.,Chesapeake Bay Retriever,209
a photo of a German Shorthaired Pointer.,German Shorthaired Pointer,210
a photo of a Vizsla.,Vizsla,211
a photo of a English Setter.,English Setter,212
a photo of a Irish Setter.,Irish Setter,213
a photo of a Gordon Setter.,Gordon Setter,214
a photo of a Brittany dog.,Brittany dog,215
a photo of a Clumber Spaniel.,Clumber Spaniel,216
a photo of a English Springer Spaniel.,English Springer Spaniel,217
a photo of a Welsh Springer Spaniel.,Welsh Springer Spaniel,218
a photo of a Cocker Spaniel.,Cocker Spaniel,219
a photo of a Sussex Spaniel.,Sussex Spaniel,220
a photo of a Irish Water Spaniel.,Irish Water Spaniel,221
a photo of a Kuvasz.,Kuvasz,222
a photo of a Schipperke.,Schipperke,223
a photo of a Groenendael dog.,Groenendael dog,224
a photo of a Malinois.,Malinois,225
a photo of a Briard.,Briard,226
a photo of a Australian Kelpie.,Australian Kelpie,227
a photo of a Komondor.,Komondor,228
a photo of a Old English Sheepdog.,Old English Sheepdog,229
a photo of a Shetland Sheepdog.,Shetland Sheepdog,230
a photo of a collie.,collie,231
a photo of a Border Collie.,Border Collie,232
a photo of a Bouvier des Flandres dog.,Bouvier des Flandres dog,233
a photo of a Rottweiler.,Rottweiler,234
a photo of a German Shepherd Dog.,German Shepherd Dog,235
a photo of a Dobermann.,Dobermann,236
a photo of a Miniature Pinscher.,Miniature Pinscher,237
a photo of a Greater Swiss Mountain Dog.,Greater Swiss Mountain Dog,238
a photo of a Bernese Mountain Dog.,Bernese Mountain Dog,239
a photo of a Appenzeller Sennenhund.,Appenzeller Sennenhund,240
a photo of a Entlebucher Sennenhund.,Entlebucher Sennenhund,241
a photo of a Boxer.,Boxer,242
a photo of a Bullmastiff.,Bullmastiff,243
a photo of a Tibetan Mastiff.,Tibetan Mastiff,244
a photo of a French Bulldog.,French Bulldog,245
a photo of a Great Dane.,Great Dane,246
a photo of a St. Bernard.,St. Bernard,247
a photo of a husky.,husky,248
a photo of a Alaskan Malamute.,Alaskan Malamute,249
a photo of a Siberian Husky.,Siberian Husky,250
a photo of a Dalmatian.,Dalmatian,251
a photo of a Affenpinscher.,Affenpinscher,252
a photo of a Basenji.,Basenji,253
a photo of a pug.,pug,254
a photo of a Leonberger.,Leonberger,255
a photo of a Newfoundland dog.,Newfoundland dog,256
a photo of a Great Pyrenees dog.,Great Pyrenees dog,257
a photo of a Samoyed.,Samoyed,258
a photo of a Pomeranian.,Pomeranian,259
a photo of a Chow Chow.,Chow Chow,260
a photo of a Keeshond.,Keeshond,261
a photo of a brussels griffon.,brussels griffon,262
a photo of a Pembroke Welsh Corgi.,Pembroke Welsh Corgi,263
a photo of a Cardigan Welsh Corgi.,Cardigan Welsh Corgi,264
a photo of a Toy Poodle.,Toy Poodle,265
a photo of a Miniature Poodle.,Miniature Poodle,266
a photo of a Standard Poodle.,Standard Poodle,267
a photo of a Mexican hairless dog (xoloitzcuintli).,Mexican hairless dog (xoloitzcuintli),268
a photo of a grey wolf.,grey wolf,269
a photo of a Alaskan tundra wolf.,Alaskan tundra wolf,270
a photo of a red wolf or maned wolf.,red wolf or maned wolf,271
a photo of a coyote.,coyote,272
a photo of a dingo.,dingo,273
a photo of a dhole.,dhole,274
a photo of a African wild dog.,African wild dog,275
a photo of a hyena.,hyena,276
a photo of a red fox.,red fox,277
a photo of a kit fox.,kit fox,278
a photo of a Arctic fox.,Arctic fox,279
a photo of a grey fox.,grey fox,280
a photo of a tabby cat.,tabby cat,281
a photo of a tiger cat.,tiger cat,282
a photo of a Persian cat.,Persian cat,283
a photo of a Siamese cat.,Siamese cat,284
a photo of a Egyptian Mau.,Egyptian Mau,285
a photo of a cougar.,cougar,286
a photo of a lynx.,lynx,287
a photo of a leopard.,leopard,288
a photo of a snow leopard.,snow leopard,289
a photo of a jaguar.,jaguar,290
a photo of a lion.,lion,291
a photo of a tiger.,tiger,292
a photo of a cheetah.,cheetah,293
a photo of a brown bear.,brown bear,294
a photo of a American black bear.,American black bear,295
a photo of a polar bear.,polar bear,296
a photo of a sloth bear.,sloth bear,297
a photo of a mongoose.,mongoose,298
a photo of a meerkat.,meerkat,299
a photo of a tiger beetle.,tiger beetle,300
a photo of a ladybug.,ladybug,301
a photo of a ground beetle.,ground beetle,302
a photo of a longhorn beetle.,longhorn beetle,303
a photo of a leaf beetle.,leaf beetle,304
a photo of a dung beetle.,dung beetle,305
a photo of a rhinoceros beetle.,rhinoceros beetle,306
a photo of a weevil.,weevil,307
a photo of a fly.,fly,308
a photo of a bee.,bee,309
a photo of a ant.,ant,310
a photo of a grasshopper.,grasshopper,311
a photo of a cricket insect.,cricket insect,312
a photo of a cricket.,cricket,312
a photo of a walking stick.,walking stick,313
a photo of a stick insect.,stick insect,313
a photo of a cockroach.,cockroach,314
a photo of a mantis.,mantis,315
a photo of a praying mantis.,praying mantis,315
a photo of a cicada.,cicada,316
a photo of a leafhopper.,leafhopper,317
a photo of a lacewing.,lacewing,318
a photo of a dragonfly.,dragonfly,319
a photo of a damselfly.,damselfly,320
a photo of a red admiral butterfly.,red admiral butterfly,321
a photo of a ringlet butterfly.,ringlet butterfly,322
a photo of a monarch butterfly.,monarch butterfly,323
a photo of a small white butterfly.,small white butterfly,324
a photo of a sulphur butterfly.,sulphur butterfly,325
a photo of a gossamer-winged butterfly.,gossamer-winged butterfly,326
a photo of a starfish.,starfish,327
a photo of a sea urchin.,sea urchin,328
a photo of a sea cucumber.,sea cucumber,329
a photo of a cottontail rabbit.,cottontail rabbit,330
a photo of a hare.,hare,331
a photo of a Angora rabbit.,Angora rabbit,332
a photo of a hamster.,hamster,333
a photo of a porcupine.,porcupine,334
a photo of a fox squirrel.,fox squirrel,335
a photo of a marmot.,marmot,336
a photo of a beaver.,beaver,337
a photo of a guinea pig.,guinea pig,338
a photo of a common sorrel horse.,common sorrel horse,339
a photo of a zebra.,zebra,340
a photo of a pig.,pig,341
a photo of a hog.,hog,341
a photo of a wild boar.,wild boar,342
a photo of a warthog.,warthog,343
a photo of a hippopotamus.,hippopotamus,344
a photo of a ox.,ox,345
a photo of a water buffalo.,water buffalo,346
a photo of a bison.,bison,347
a photo of a ram (adult male sheep).,ram (adult male sheep),348
a photo of a bighorn sheep.,bighorn sheep,349
a photo of a Alpine ibex.,Alpine ibex,350
a photo of a hartebeest.,hartebeest,351
a photo of a impala (antelope).,impala (antelope),352
a photo of a gazelle.,gazelle,353
a photo of a arabian camel.,arabian camel,354
a photo of a llama.,llama,355
a photo of a weasel.,weasel,356
a photo of a mink.,mink,357
a photo of a European polecat.,European polecat,358
a photo of a polecat.,polecat,358
a photo of a black-footed ferret.,black-footed ferret,359
a photo of a otter.,otter,360
a photo of a skunk.,skunk,361
a photo of a badger.,badger,362
a photo of a armadillo.,armadillo,363
a photo of a three-toed sloth.,three-toed sloth,364
a photo of a orangutan.,orangutan,365
a photo of a gorilla.,gorilla,366
a photo of a chimpanzee.,chimpanzee,367
a photo of a gibbon.,gibbon,368
a photo of a siamang.,siamang,369
a photo of a guenon.,guenon,370
a photo of a patas monkey.,patas monkey,371
a photo of a baboon.,baboon,372
a photo of a macaque.,macaque,373
a photo of a langur.,langur,374
a photo of a black-and-white colobus.,black-and-white colobus,375
a photo of a proboscis monkey.,proboscis monkey,376
a photo of a marmoset.,marmoset,377
a photo of a white-headed capuchin.,white-headed capuchin,378
a photo of a howler monkey.,howler monkey,379
a photo of a titi monkey.,titi monkey,380
a photo of a Geoffroy's spider monkey.,Geoffroy's spider monkey,381
a photo of a common squirrel monkey.,common squirrel monkey,382
a photo of a ring-tailed lemur.,ring-tailed lemur,383
a photo of a indri.,indri,384
a photo of a Asian elephant.,Asian elephant,385
a photo of a African bush elephant.,African bush elephant,386
a photo of a lesser panda.,lesser panda,387
a photo of a red panda.,red panda,387
a photo of a giant panda.,giant panda,388
a photo of a barracouta.,barracouta,389
a photo of a snoek fish.,snoek fish,389
a photo of a eel.,eel,390
a photo of a silver salmon.,silver salmon,391
a photo of a rock beauty fish.,rock beauty fish,392
a photo of a clownfish.,clownfish,393
a photo of a sturgeon.,sturgeon,394
a photo of a gar fish.,gar fish,395
a photo of a gar.,gar,395
a photo of a lionfish.,lionfish,396
a photo of a puffer.,puffer,397
a photo of a pufferfish.,pufferfish,397
a photo of a abacus.,abacus,398
a photo of a abaya.,abaya,399
a photo of a academic gown.,academic gown,400
a photo of a accordion.,accordion,401
a photo of a acoustic guitar.,acoustic guitar,402
a photo of a aircraft carrier.,aircraft carrier,403
a photo of a airliner.,airliner,404
a photo of a airship.,airship,405
a photo of a altar.,altar,406
a photo of a ambulance.,ambulance,407
a photo of a amphibious vehicle.,amphibious vehicle,408
a photo of a amphibian.,amphibian,408
a photo of a analog clock.,analog clock,409
a photo of a apiary.,apiary,410
a photo of a apron.,apron,411
a photo of a trash can.,trash can,412
a photo of a assault rifle.,assault rifle,413
a photo of a backpack.,backpack,414
a photo of a bakery.,bakery,415
a photo of a balance beam.,balance beam,416
a photo of a balloon.,balloon,417
a photo of a ballpoint pen.,ballpoint pen,418
a photo of a Band-Aid.,Band-Aid,419
a photo of a banjo.,banjo,420
a photo of a bannister.,bannister,421
a photo of a baluster / handrail.,baluster / handrail,421
a photo of a barbell.,barbell,422
a photo of a barber chair.,barber chair,423
a photo of a barbershop.,barbershop,424
a photo of a barn.,barn,425
a photo of a barometer.,barometer,426
a photo of a barrel.,barrel,427
a photo of a wheelbarrow.,wheelbarrow,428
a photo of a baseball.,baseball,429
a photo of a basketball.,basketball,430
a photo of a bassinet.,bassinet,431
a photo of a bassoon.,bassoon,432
a photo of a swimming cap.,swimming cap,433
a photo of a bath towel.,bath towel,434
a photo of a bathtub.,bathtub,435
a photo of a station wagon.,station wagon,436
a photo of a lighthouse.,lighthouse,437
a photo of a beaker.,beaker,438
a photo of a military hat (bearskin or shako).,military hat (bearskin or shako),439
a photo of a beer bottle.,beer bottle,440
a photo of a beer glass.,beer glass,441
a photo of a bell cote.,bell cote,442
a photo of a bell tower.,bell tower,442
a photo of a bib.,bib,443
a photo of a baby bib.,baby bib,443
a photo of a tandem bicycle.,tandem bicycle,444
a photo of a bikini.,bikini,445
a photo of a ring binder.,ring binder,446
a photo of a binoculars.,binoculars,447
a photo of a birdhouse.,birdhouse,448
a photo of a boathouse.,boathouse,449
a photo of a bobsled.,bobsled,450
a photo of a bobsleigh.,bobsleigh,450
a photo of a bolo tie.,bolo tie,451
a photo of a poke bonnet.,poke bonnet,452
a photo of a bookcase.,bookcase,453
a photo of a bookstore.,bookstore,454
a photo of a bottle cap.,bottle cap,455
a photo of a hunting bow.,hunting bow,456
a photo of a bow.,bow,456
a photo of a bow tie.,bow tie,457
a photo of a brass memorial plaque.,brass memorial plaque,458
a photo of a bra.,bra,459
a photo of a breakwater.,breakwater,460
a photo of a breastplate.,breastplate,461
a photo of a broom.,broom,462
a photo of a bucket.,bucket,463
a photo of a buckle.,buckle,464
a photo of a bulletproof vest.,bulletproof vest,465
a photo of a high-speed train.,high-speed train,466
a photo of a butcher shop.,butcher shop,467
a photo of a taxicab.,taxicab,468
a photo of a cauldron.,cauldron,469
a photo of a candle.,candle,470
a photo of a cannon.,cannon,471
a photo of a canoe.,canoe,472
a photo of a can opener.,can opener,473
a photo of a cardigan.,cardigan,474
a photo of a car mirror.,car mirror,475
a photo of a carousel.,carousel,476
a photo of a carpenter's kit.,carpenter's kit,477
a photo of a tool kit.,tool kit,477
a photo of a cardboard box / carton.,cardboard box / carton,478
a photo of a car wheel.,car wheel,479
a photo of a automated teller machine.,automated teller machine,480
a photo of a cassette.,cassette,481
a photo of a cassette player.,cassette player,482
a photo of a castle.,castle,483
a photo of a catamaran.,catamaran,484
a photo of a CD player.,CD player,485
a photo of a cello.,cello,486
a photo of a mobile phone.,mobile phone,487
a photo of a chain.,chain,488
a photo of a chain-link fence.,chain-link fence,489
a photo of a chain mail.,chain mail,490
a photo of a chainsaw.,chainsaw,491
a photo of a chain saw.,chain saw,491
a photo of a chest.,chest,492
a photo of a storage chest.,storage chest,492
a photo of a chiffonier.,chiffonier,493
a photo of a bell or wind chime.,bell or wind chime,494
a photo of a china cabinet.,china cabinet,495
a photo of a Christmas stocking.,Christmas stocking,496
a photo of a church.,church,497
a photo of a movie theater.,movie theater,498
a photo of a cleaver.,cleaver,499
a photo of a cliff dwelling.,cliff dwelling,500
a photo of a cloak.,cloak,501
a photo of a clog.,clog,502
a photo of a clogs.,clogs,502
a photo of a cocktail shaker.,cocktail shaker,503
a photo of a coffee mug.,coffee mug,504
a photo of a coffeemaker.,coffeemaker,505
a photo of a spiral or coil.,spiral or coil,506
a photo of a combination lock.,combination lock,507
a photo of a computer keyboard.,computer keyboard,508
a photo of a candy store.,candy store,509
a photo of a container ship.,container ship,510
a photo of a convertible.,convertible,511
a photo of a corkscrew.,corkscrew,512
a photo of a cornet.,cornet,513
a photo of a cowboy boot.,cowboy boot,514
a photo of a cowboy hat.,cowboy hat,515
a photo of a cradle.,cradle,516
a photo of a construction crane.,construction crane,517
a photo of a crash helmet.,crash helmet,518
a photo of a crate.,crate,519
a photo of a infant bed.,infant bed,520
a photo of a Crock Pot.,Crock Pot,521
a photo of a croquet ball.,croquet ball,522
a photo of a crutch.,crutch,523
a photo of a cuirass.,cuirass,524
a photo of a dam.,dam,525
a photo of a desk.,desk,526
a photo of a desktop computer.,desktop computer,527
a photo of a rotary dial telephone.,rotary dial telephone,528
a photo of a diaper.,diaper,529
a photo of a digital clock.,digital clock,530
a photo of a digital watch.,digital watch,531
a photo of a dining table.,dining table,532
a photo of a dishrag.,dishrag,533
a photo of a dishcloth.,dishcloth,533
a photo of a dishwasher.,dishwasher,534
a photo of a disc brake.,disc brake,535
a photo of a dock.,dock,536
a photo of a dog sled.,dog sled,537
a photo of a dogsled.,dogsled,537
a photo of a dome.,dome,538
a photo of a doormat.,doormat,539
a photo of a drilling rig.,drilling rig,540
a photo of a drilling platform.,drilling platform,540
a photo of a drum.,drum,541
a photo of a drumstick.,drumstick,542
a photo of a dumbbell.,dumbbell,543
a photo of a Dutch oven.,Dutch oven,544
a photo of a electric fan.,electric fan,545
a photo of a electric guitar.,electric guitar,546
a photo of a electric locomotive.,electric locomotive,547
a photo of a entertainment center.,entertainment center,548
a photo of a envelope.,envelope,549
a photo of a espresso machine.,espresso machine,550
a photo of a face powder.,face powder,551
a photo of a feather boa.,feather boa,552
a photo of a filing cabinet.,filing cabinet,553
a photo of a fireboat.,fireboat,554
a photo of a fire truck.,fire truck,555
a photo of a fire screen.,fire screen,556
a photo of a flagpole.,flagpole,557
a photo of a flute.,flute,558
a photo of a folding chair.,folding chair,559
a photo of a football helmet.,football helmet,560
a photo of a forklift.,forklift,561
a photo of a fountain.,fountain,562
a photo of a fountain pen.,fountain pen,563
a photo of a four-poster bed.,four-poster bed,564
a photo of a freight car.,freight car,565
a photo of a French horn.,French horn,566
a photo of a frying pan.,frying pan,567
a photo of a fur coat.,fur coat,568
a photo of a garbage truck.,garbage truck,569
a photo of a gas mask or respirator.,gas mask or respirator,570
a photo of a gas pump.,gas pump,571
a photo of a goblet.,goblet,572
a photo of a go-kart.,go-kart,573
a photo of a golf ball.,golf ball,574
a photo of a golf cart.,golf cart,575
a photo of a gondola.,gondola,576
a photo of a gong.,gong,577
a photo of a gown.,gown,578
a photo of a grand piano.,grand piano,579
a photo of a greenhouse.,greenhouse,580
a photo of a radiator grille.,radiator grille,581
a photo of a grocery store.,grocery store,582
a photo of a guillotine.,guillotine,583
a photo of a hair clip.,hair clip,584
a photo of a hair spray.,hair spray,585
a photo of a half track.,half track,586
a photo of a half-track.,half-track,586
a photo of a hammer.,hammer,587
a photo of a hamper.,hamper,588
a photo of a hand blower.,hand blower,589
a photo of a hair dryer.,hair dryer,589
a photo of a hand-held computer.,hand-held computer,590
a photo of a handkerchief.,handkerchief,591
a photo of a hard disk drive.,hard disk drive,592
a photo of a harmonica.,harmonica,593
a photo of a harp.,harp,594
a photo of a combine harvester.,combine harvester,595
a photo of a hatchet.,hatchet,596
a photo of a holster.,holster,597
a photo of a home theater.,home theater,598
a photo of a honeycomb.,honeycomb,599
a photo of a hook.,hook,600
a photo of a hoop skirt.,hoop skirt,601
a photo of a gymnastic horizontal bar.,gymnastic horizontal bar,602
a photo of a horse-drawn vehicle.,horse-drawn vehicle,603
a photo of a horse cart.,horse cart,603
a photo of a hourglass.,hourglass,604
a photo of a iPod.,iPod,605
a photo of a clothes iron.,clothes iron,606
a photo of a iron.,iron,606
a photo of a carved pumpkin.,carved pumpkin,607
a photo of a jeans.,jeans,608
a photo of a jeep.,jeep,609
a photo of a T-shirt.,T-shirt,610
a photo of a jigsaw puzzle.,jigsaw puzzle,611
a photo of a jinrikisha.,jinrikisha,612
a photo of a rickshaw.,rickshaw,612
a photo of a joystick.,joystick,613
a photo of a kimono.,kimono,614
a photo of a knee pad.,knee pad,615
a photo of a knot.,knot,616
a photo of a lab coat.,lab coat,617
a photo of a ladle.,ladle,618
a photo of a lampshade.,lampshade,619
a photo of a laptop computer.,laptop computer,620
a photo of a lawn mower.,lawn mower,621
a photo of a lens cap.,lens cap,622
a photo of a letter opener.,letter opener,623
a photo of a library.,library,624
a photo of a lifeboat.,lifeboat,625
a photo of a lighter.,lighter,626
a photo of a limousine.,limousine,627
a photo of a ocean liner.,ocean liner,628
a photo of a lipstick.,lipstick,629
a photo of a slip-on shoe.,slip-on shoe,630
a photo of a lotion.,lotion,631
a photo of a music speaker.,music speaker,632
a photo of a loupe magnifying glass.,loupe magnifying glass,633
a photo of a sawmill.,sawmill,634
a photo of a magnetic compass.,magnetic compass,635
a photo of a messenger bag.,messenger bag,636
a photo of a mailbox.,mailbox,637
a photo of a tights.,tights,638
a photo of a one-piece bathing suit.,one-piece bathing suit,639
a photo of a manhole cover.,manhole cover,640
a photo of a maraca.,maraca,641
a photo of a marimba.,marimba,642
a photo of a mask.,mask,643
a photo of a matchstick.,matchstick,644
a photo of a maypole.,maypole,645
a photo of a maze.,maze,646
a photo of a measuring cup.,measuring cup,647
a photo of a medicine cabinet.,medicine cabinet,648
a photo of a megalith.,megalith,649
a photo of a microphone.,microphone,650
a photo of a microwave.,microwave,651
a photo of a microwave oven.,microwave oven,651
a photo of a military uniform.,military uniform,652
a photo of a milk can.,milk can,653
a photo of a minibus.,minibus,654
a photo of a miniskirt.,miniskirt,655
a photo of a minivan.,minivan,656
a photo of a missile.,missile,657
a photo of a mitten.,mitten,658
a photo of a mixing bowl.,mixing bowl,659
a photo of a mobile home.,mobile home,660
a photo of a ford model t.,ford model t,661
a photo of a modem.,modem,662
a photo of a monastery.,monastery,663
a photo of a monitor.,monitor,664
a photo of a moped.,moped,665
a photo of a mortar and pestle.,mortar and pestle,666
a photo of a graduation cap.,graduation cap,667
a photo of a mosque.,mosque,668
a photo of a mosquito net.,mosquito net,669
a photo of a vespa.,vespa,670
a photo of a mountain bike.,mountain bike,671
a photo of a tent.,tent,672
a photo of a mouse.,mouse,673
a photo of a computer mouse.,computer mouse,673
a photo of a mousetrap.,mousetrap,674
a photo of a moving van.,moving van,675
a photo of a muzzle.,muzzle,676
a photo of a metal nail.,metal nail,677
a photo of a nail.,nail,677
a photo of a neck brace.,neck brace,678
a photo of a necklace.,necklace,679
a photo of a baby pacifier.,baby pacifier,680
a photo of a notebook computer.,notebook computer,681
a photo of a obelisk.,obelisk,682
a photo of a oboe.,oboe,683
a photo of a ocarina.,ocarina,684
a photo of a odometer.,odometer,685
a photo of a oil filter.,oil filter,686
a photo of a pipe organ.,pipe organ,687
a photo of a oscilloscope.,oscilloscope,688
a photo of a overskirt.,overskirt,689
a photo of a oxcart.,oxcart,690
a photo of a bullock cart.,bullock cart,690
a photo of a oxygen mask.,oxygen mask,691
a photo of a product packet / packaging.,product packet / packaging,692
a photo of a paddle.,paddle,693
a photo of a paddle wheel.,paddle wheel,694
a photo of a padlock.,padlock,695
a photo of a paintbrush.,paintbrush,696
a photo of a pajamas.,pajamas,697
a photo of a palace.,palace,698
a photo of a pan flute.,pan flute,699
a photo of a paper towel.,paper towel,700
a photo of a parachute.,parachute,701
a photo of a parallel bars.,parallel bars,702
a photo of a park bench.,park bench,703
a photo of a parking meter.,parking meter,704
a photo of a railroad car.,railroad car,705
a photo of a patio.,patio,706
a photo of a payphone.,payphone,707
a photo of a pedestal.,pedestal,708
a photo of a pencil case.,pencil case,709
a photo of a pencil sharpener.,pencil sharpener,710
a photo of a perfume.,perfume,711
a photo of a Petri dish.,Petri dish,712
a photo of a photocopier.,photocopier,713
a photo of a plectrum.,plectrum,714
a photo of a Pickelhaube.,Pickelhaube,715
a photo of a picket fence.,picket fence,716
a photo of a pickup truck.,pickup truck,717
a photo of a pier.,pier,718
a photo of a piggy bank.,piggy bank,719
a photo of a pill bottle.,pill bottle,720
a photo of a pillow.,pillow,721
a photo of a ping-pong ball.,ping-pong ball,722
a photo of a pinwheel.,pinwheel,723
a photo of a pirate ship.,pirate ship,724
a photo of a drink pitcher.,drink pitcher,725
a photo of a block plane.,block plane,726
a photo of a planetarium.,planetarium,727
a photo of a plastic bag.,plastic bag,728
a photo of a plate rack.,plate rack,729
a photo of a plow.,plow,730
a photo of a farm plow.,farm plow,730
a photo of a plunger.,plunger,731
a photo of a Polaroid camera.,Polaroid camera,732
a photo of a pole.,pole,733
a photo of a police van.,police van,734
a photo of a poncho.,poncho,735
a photo of a pool table.,pool table,736
a photo of a soda bottle.,soda bottle,737
a photo of a plant pot.,plant pot,738
a photo of a potter's wheel.,potter's wheel,739
a photo of a power drill.,power drill,740
a photo of a prayer rug.,prayer rug,741
a photo of a printer.,printer,742
a photo of a prison.,prison,743
a photo of a missile.,missile,744
a photo of a projectile.,projectile,744
a photo of a projector.,projector,745
a photo of a hockey puck.,hockey puck,746
a photo of a punching bag.,punching bag,747
a photo of a purse.,purse,748
a photo of a quill.,quill,749
a photo of a quilt.,quilt,750
a photo of a race car.,race car,751
a photo of a racket.,racket,752
a photo of a radiator.,radiator,753
a photo of a radio.,radio,754
a photo of a radio telescope.,radio telescope,755
a photo of a rain barrel.,rain barrel,756
a photo of a recreational vehicle.,recreational vehicle,757
a photo of a reel.,reel,758
a photo of a fishing casting reel.,fishing casting reel,758
a photo of a reflex camera.,reflex camera,759
a photo of a refrigerator.,refrigerator,760
a photo of a remote control.,remote control,761
a photo of a restaurant.,restaurant,762
a photo of a revolver.,revolver,763
a photo of a rifle.,rifle,764
a photo of a rocking chair.,rocking chair,765
a photo of a rotisserie.,rotisserie,766
a photo of a eraser.,eraser,767
a photo of a rugby ball.,rugby ball,768
a photo of a ruler measuring stick.,ruler measuring stick,769
a photo of a sneaker.,sneaker,770
a photo of a safe.,safe,771
a photo of a safety pin.,safety pin,772
a photo of a saltshaker.,saltshaker,773
a photo of a salt shaker.,salt shaker,773
a photo of a sandal.,sandal,774
a photo of a sarong.,sarong,775
a photo of a saxophone.,saxophone,776
a photo of a scabbard.,scabbard,777
a photo of a weighing scale.,weighing scale,778
a photo of a scale.,scale,778
a photo of a school bus.,school bus,779
a photo of a schooner.,schooner,780
a photo of a scoreboard.,scoreboard,781
a photo of a CRT monitor.,CRT monitor,782
a photo of a screw.,screw,783
a photo of a screwdriver.,screwdriver,784
a photo of a seat belt.,seat belt,785
a photo of a sewing machine.,sewing machine,786
a photo of a shield.,shield,787
a photo of a shoe store.,shoe store,788
a photo of a shoji screen / room divider.,shoji screen / room divider,789
a photo of a shoji.,shoji,789
a photo of a shopping basket.,shopping basket,790
a photo of a shopping cart.,shopping cart,791
a photo of a shovel.,shovel,792
a photo of a shower cap.,shower cap,793
a photo of a shower curtain.,shower curtain,794
a photo of a ski.,ski,795
a photo of a balaclava ski mask.,balaclava ski mask,796
a photo of a sleeping bag.,sleeping bag,797
a photo of a slide rule.,slide rule,798
a photo of a sliding door.,sliding door,799
a photo of a slot machine.,slot machine,800
a photo of a snorkel.,snorkel,801
a photo of a snowmobile.,snowmobile,802
a photo of a snowplow.,snowplow,803
a photo of a soap dispenser.,soap dispenser,804
a photo of a soccer ball.,soccer ball,805
a photo of a sock.,sock,806
a photo of a solar thermal collector.,solar thermal collector,807
a photo of a sombrero.,sombrero,808
a photo of a soup bowl.,soup bowl,809
a photo of a keyboard space bar.,keyboard space bar,810
a photo of a space heater.,space heater,811
a photo of a space shuttle.,space shuttle,812
a photo of a spatula.,spatula,813
a photo of a motorboat.,motorboat,814
a photo of a spider web.,spider web,815
a photo of a spindle.,spindle,816
a photo of a sports car.,sports car,817
a photo of a spotlight.,spotlight,818
a photo of a stage.,stage,819
a photo of a steam locomotive.,steam locomotive,820
a photo of a through arch bridge.,through arch bridge,821
a photo of a steel drum.,steel drum,822
a photo of a stethoscope.,stethoscope,823
a photo of a scarf.,scarf,824
a photo of a stone wall.,stone wall,825
a photo of a stopwatch.,stopwatch,826
a photo of a stove.,stove,827
a photo of a strainer.,strainer,828
a photo of a tram.,tram,829
a photo of a streetcar.,streetcar,829
a photo of a stretcher.,stretcher,830
a photo of a couch.,couch,831
a photo of a stupa.,stupa,832
a photo of a submarine.,submarine,833
a photo of a suit.,suit,834
a photo of a sundial.,sundial,835
a photo of a sunglasses.,sunglasses,836
a photo of a sunglasses.,sunglasses,837
a photo of a sunscreen.,sunscreen,838
a photo of a suspension bridge.,suspension bridge,839
a photo of a mop.,mop,840
a photo of a sweatshirt.,sweatshirt,841
a photo of a swim trunks / shorts.,swim trunks / shorts,842
a photo of a swing.,swing,843
a photo of a electrical switch.,electrical switch,844
a photo of a syringe.,syringe,845
a photo of a table lamp.,table lamp,846
a photo of a tank.,tank,847
a photo of a tape player.,tape player,848
a photo of a teapot.,teapot,849
a photo of a teddy bear.,teddy bear,850
a photo of a television.,television,851
a photo of a tennis ball.,tennis ball,852
a photo of a thatched roof.,thatched roof,853
a photo of a front curtain.,front curtain,854
a photo of a thimble.,thimble,855
a photo of a threshing machine.,threshing machine,856
a photo of a throne.,throne,857
a photo of a tile roof.,tile roof,858
a photo of a toaster.,toaster,859
a photo of a tobacco shop.,tobacco shop,860
a photo of a toilet seat.,toilet seat,861
a photo of a torch.,torch,862
a photo of a totem pole.,totem pole,863
a photo of a tow truck.,tow truck,864
a photo of a toy store.,toy store,865
a photo of a tractor.,tractor,866
a photo of a semi-trailer truck.,semi-trailer truck,867
a photo of a tray.,tray,868
a photo of a trench coat.,trench coat,869
a photo of a tricycle.,tricycle,870
a photo of a trimaran.,trimaran,871
a photo of a tripod.,tripod,872
a photo of a triumphal arch.,triumphal arch,873
a photo of a trolleybus.,trolleybus,874
a photo of a trombone.,trombone,875
a photo of a hot tub.,hot tub,876
a photo of a turnstile.,turnstile,877
a photo of a typewriter keyboard.,typewriter keyboard,878
a photo of a umbrella.,umbrella,879
a photo of a unicycle.,unicycle,880
a photo of a upright piano.,upright piano,881
a photo of a vacuum cleaner.,vacuum cleaner,882
a photo of a vacuum.,vacuum,882
a photo of a vase.,vase,883
a photo of a vaulted or arched ceiling.,vaulted or arched ceiling,884
a photo of a velvet fabric.,velvet fabric,885
a photo of a vending machine.,vending machine,886
a photo of a vestment.,vestment,887
a photo of a viaduct.,viaduct,888
a photo of a violin.,violin,889
a photo of a volleyball.,volleyball,890
a photo of a waffle iron.,waffle iron,891
a photo of a wall clock.,wall clock,892
a photo of a wallet.,wallet,893
a photo of a wardrobe.,wardrobe,894
a photo of a warplane.,warplane,895
a photo of a military aircraft.,military aircraft,895
a photo of a sink.,sink,896
a photo of a washing machine.,washing machine,897
a photo of a washer.,washer,897
a photo of a water bottle.,water bottle,898
a photo of a water jug.,water jug,899
a photo of a water tower.,water tower,900
a photo of a whiskey jug.,whiskey jug,901
a photo of a whistle.,whistle,902
a photo of a hair wig.,hair wig,903
a photo of a window screen.,window screen,904
a photo of a window shade.,window shade,905
a photo of a Windsor tie.,Windsor tie,906
a photo of a wine bottle.,wine bottle,907
a photo of a airplane wing.,airplane wing,908
a photo of a wok.,wok,909
a photo of a wooden spoon.,wooden spoon,910
a photo of a wool.,wool,911
a photo of a split-rail fence.,split-rail fence,912
a photo of a shipwreck.,shipwreck,913
a photo of a sailboat.,sailboat,914
a photo of a yurt.,yurt,915
a photo of a website.,website,916
a photo of a comic book.,comic book,917
a photo of a crossword.,crossword,918
a photo of a traffic or street sign.,traffic or street sign,919
a photo of a traffic light.,traffic light,920
a photo of a dust jacket.,dust jacket,921
a photo of a menu.,menu,922
a photo of a plate.,plate,923
a photo of a guacamole.,guacamole,924
a photo of a consomme.,consomme,925
a photo of a hot pot.,hot pot,926
a photo of a trifle.,trifle,927
a photo of a ice cream.,ice cream,928
a photo of a popsicle.,popsicle,929
a photo of a baguette.,baguette,930
a photo of a bagel.,bagel,931
a photo of a pretzel.,pretzel,932
a photo of a cheeseburger.,cheeseburger,933
a photo of a hot dog.,hot dog,934
a photo of a mashed potatoes.,mashed potatoes,935
a photo of a cabbage.,cabbage,936
a photo of a broccoli.,broccoli,937
a photo of a cauliflower.,cauliflower,938
a photo of a zucchini.,zucchini,939
a photo of a spaghetti squash.,spaghetti squash,940
a photo of a acorn squash.,acorn squash,941
a photo of a butternut squash.,butternut squash,942
a photo of a cucumber.,cucumber,943
a photo of a artichoke.,artichoke,944
a photo of a bell pepper.,bell pepper,945
a photo of a cardoon.,cardoon,946
a photo of a mushroom.,mushroom,947
a photo of a Granny Smith apple.,Granny Smith apple,948
a photo of a strawberry.,strawberry,949
a photo of a orange.,orange,950
a photo of a lemon.,lemon,951
a photo of a fig.,fig,952
a photo of a pineapple.,pineapple,953
a photo of a banana.,banana,954
a photo of a jackfruit.,jackfruit,955
a photo of a cherimoya (custard apple).,cherimoya (custard apple),956
a photo of a custard apple.,custard apple,956
a photo of a pomegranate.,pomegranate,957
a photo of a hay.,hay,958
a photo of a carbonara.,carbonara,959
a photo of a chocolate syrup.,chocolate syrup,960
a photo of a dough.,dough,961
a photo of a meatloaf.,meatloaf,962
a photo of a meat loaf.,meat loaf,962
a photo of a pizza.,pizza,963
a photo of a pot pie.,pot pie,964
a photo of a potpie.,potpie,964
a photo of a burrito.,burrito,965
a photo of a red wine.,red wine,966
a photo of a espresso.,espresso,967
a photo of a tea cup.,tea cup,968
a photo of a eggnog.,eggnog,969
a photo of a mountain.,mountain,970
a photo of a alp.,alp,970
a photo of a bubble.,bubble,971
a photo of a cliff.,cliff,972
a photo of a coral reef.,coral reef,973
a photo of a geyser.,geyser,974
a photo of a lakeside.,lakeside,975
a photo of a lakeshore.,lakeshore,975
a photo of a promontory.,promontory,976
a photo of a sandbar.,sandbar,977
a photo of a seashore.,seashore,978
a photo of a beach.,beach,978
a photo of a valley.,valley,979
a photo of a volcano.,volcano,980
a photo of a baseball player.,baseball player,981
a photo of a ballplayer.,ballplayer,981
a photo of a bridegroom.,bridegroom,982
a photo of a groom.,groom,982
a photo of a scuba diver.,scuba diver,983
a photo of a rapeseed.,rapeseed,984
a photo of a daisy.,daisy,985
a photo of a yellow lady's slipper.,yellow lady's slipper,986
a photo of a corn.,corn,987
a photo of a acorn.,acorn,988
a photo of a hip.,hip,989
a photo of a rose hip.,rose hip,989
a photo of a buckeye.,buckeye,990
a photo of a horse chestnut seed.,horse chestnut seed,990
a photo of a coral fungus.,coral fungus,991
a photo of a agaric.,agaric,992
a photo of a gyromitra.,gyromitra,993
a photo of a stinkhorn.,stinkhorn,994
a photo of a stinkhorn mushroom.,stinkhorn mushroom,994
a photo of a earthstar.,earthstar,995
a photo of a earth star fungus.,earth star fungus,995
a photo of a hen of the woods mushroom.,hen of the woods mushroom,996
a photo of a bolete.,bolete,997
a photo of a ear.,ear,998
a photo of a corn cob.,corn cob,998
a photo of a toilet paper.,toilet paper,999
a photo of a baby bed.,baby bed,9999
a photo of a facial accessories.,facial accessories,9999
a photo of a handwear.,handwear,9999
a photo of a armor.,armor,9999
a photo of a headdress.,headdress,9999
a photo of a dummy39.,dummy39,9999
a photo of a sled.,sled,9999
a photo of a spacecraft.,spacecraft,9999
a photo of a vessel.,vessel,9999
a photo of a dummy50.,dummy50,9999
a photo of a aircraft.,aircraft,9999
a photo of a tracked vehicle.,tracked vehicle,9999
a photo of a cycles.,cycles,9999
a photo of a train.,train,9999
a photo of a motor vehicle.,motor vehicle,9999
a photo of a fruit.,fruit,9999
a photo of a vegetable.,vegetable,9999
a photo of a dish.,dish,9999
a photo of a condiment.,condiment,9999
a photo of a cart.,cart,9999
a photo of a baked goods.,baked goods,9999
a photo of a dummy53.,dummy53,9999
a photo of a footwear.,footwear,9999
a photo of a tank.,tank,9999
a photo of a dummy78.,dummy78,9999
a photo of a building.,building,9999
a photo of a dummy72.,dummy72,9999
a photo of a dummy73.,dummy73,9999
a photo of a dummy68.,dummy68,9999
a photo of a spring.,spring,9999
a photo of a reef.,reef,9999
a photo of a neckwear.,neckwear,9999
a photo of a bar.,bar,9999
a photo of a dummy69.,dummy69,9999
a photo of a dummy71.,dummy71,9999
a photo of a mountain.,mountain,9999
a photo of a garment.,garment,9999
a photo of a cosmetic.,cosmetic,9999
a photo of a bandage.,bandage,9999
a photo of a dummy51.,dummy51,9999
a photo of a dummy57.,dummy57,9999
a photo of a shore.,shore,9999
a photo of a dummy77.,dummy77,9999
a photo of a dessert.,dessert,9999
a photo of a alcohol.,alcohol,9999
a photo of a table.,table,9999
a photo of a seat.,seat,9999
a photo of a dummy79.,dummy79,9999
a photo of a bedroom furniture.,bedroom furniture,9999
a photo of a lobster.,lobster,9999
a photo of a crab.,crab,9999
a photo of a spider.,spider,9999
a photo of a acarine.,acarine,9999
a photo of a door.,door,9999
a photo of a butterfly.,butterfly,9999
a photo of a damselfish.,damselfish,9999
a photo of a butterfly fish.,butterfly fish,9999
a photo of a salmon.,salmon,9999
a photo of a scorpaenid.,scorpaenid,9999
a photo of a shark.,shark,9999
a photo of a ray.,ray,9999
a photo of a rabbit.,rabbit,9999
a photo of a sloth.,sloth,9999
a photo of a beetle.,beetle,9999
a photo of a coffee.,coffee,9999
a photo of a wall unit.,wall unit,9999
a photo of a dummy56.,dummy56,9999
a photo of a home appliance.,home appliance,9999
a photo of a dryer.,dryer,9999
a photo of a sports equipment.,sports equipment,9999
a photo of a photographic equipment.,photographic equipment,9999
a photo of a electronic equipment.,electronic equipment,9999
a photo of a measuring instrument.,measuring instrument,9999
a photo of a medical instrument.,medical instrument,9999
a photo of a scientific instrument.,scientific instrument,9999
a photo of a screen.,screen,9999
a photo of a kitchen utensil.,kitchen utensil,9999
a photo of a tool.,tool,9999
a photo of a tableware.,tableware,9999
a photo of a musical instrument.,musical instrument,9999
a photo of a lamp.,lamp,9999
a photo of a bedclothes.,bedclothes,9999
a photo of a piece of cloth.,piece of cloth,9999
a photo of a floor cover.,floor cover,9999
a photo of a padding.,padding,9999
a photo of a weapon.,weapon,9999
a photo of a landing.,landing,9999
a photo of a dummy74.,dummy74,9999
a photo of a rig.,rig,9999
a photo of a geological formation.,geological formation,9999
a photo of a toiletry.,toiletry,9999
a photo of a accessory.,accessory,9999
a photo of a craft.,craft,9999
a photo of a wheeled vehicle.,wheeled vehicle,9999
a photo of a produce.,produce,9999
a photo of a cooked food.,cooked food,9999
a photo of a beverage.,beverage,9999
a photo of a man-made structure.,man-made structure,9999
a photo of a appliance.,appliance,9999
a photo of a instrument.,instrument,9999
a photo of a soft furnishings.,soft furnishings,9999
a photo of a furniture.,furniture,9999
a photo of a gastropod.,gastropod,9999
a photo of a cephalopod.,cephalopod,9999
a photo of a crustacean.,crustacean,9999
a photo of a arachnid.,arachnid,9999
a photo of a insect.,insect,9999
a photo of a equipment.,equipment,9999
a photo of a dummy14.,dummy14,9999
a photo of a vascular plant.,vascular plant,9999
a photo of a amphibian.,amphibian,9999
a photo of a non-living thing.,non-living thing,9999
a photo of a animal.,animal,9999
a photo of a plant.,plant,9999
a photo of a structure.,structure,9999
a photo of a apparel.,apparel,9999
a photo of a conveyance.,conveyance,9999
a photo of a food.,food,9999
a photo of a paraphernalia.,paraphernalia,9999
a photo of a fungus.,fungus,9999
a photo of a furnishing.,furnishing,9999
a photo of a arthropod.,arthropod,9999
a photo of a worm.,worm,9999
a photo of a fish.,fish,9999
a photo of a mammal.,mammal,9999
a photo of a bird.,bird,9999
a photo of a coelenterate.,coelenterate,9999
a photo of a echinoderm.,echinoderm,9999
a photo of a reptile.,reptile,9999
a photo of a mollusk.,mollusk,9999
a photo of a dummy15.,dummy15,9999
a photo of a bony fish.,bony fish,9999
a photo of a cartilaginous fish.,cartilaginous fish,9999
a photo of a anthozoan.,anthozoan,9999
a photo of a dummy11.,dummy11,9999
a photo of a dummy13.,dummy13,9999
a photo of a dummy12.,dummy12,9999
a photo of a serpentes.,serpentes,9999
a photo of a chelonian.,chelonian,9999
a photo of a crocodilian reptile.,crocodilian reptile,9999
a photo of a saurian.,saurian,9999
a photo of a dummy10.,dummy10,9999
a photo of a archosaur.,archosaur,9999
a photo of a dummy8.,dummy8,9999
a photo of a person.,person,9999
a photo of a ascomycete.,ascomycete,9999
a photo of a basidiomycete.,basidiomycete,9999
a photo of a flower.,flower,9999
a photo of a barrier.,barrier,9999
a photo of a dummy67.,dummy67,9999
a photo of a area.,area,9999
a photo of a dummy7.,dummy7,9999
a photo of a cuculiform bird.,cuculiform bird,9999
a photo of a dummy6.,dummy6,9999
a photo of a gallinaceous bird.,gallinaceous bird,9999
a photo of a lagomorph.,lagomorph,9999
a photo of a edentate.,edentate,9999
a photo of a ungulate.,ungulate,9999
a photo of a rodent.,rodent,9999
a photo of a monotreme.,monotreme,9999
a photo of a carnivore.,carnivore,9999
a photo of a marsupial.,marsupial,9999
a photo of a primate.,primate,9999
a photo of a aquatic mammal.,aquatic mammal,9999
a photo of a proboscidean.,proboscidean,9999
a photo of a ratite.,ratite,9999
a photo of a piciform bird.,piciform bird,9999
a photo of a dummy1.,dummy1,9999
a photo of a coraciiform bird.,coraciiform bird,9999
a photo of a bird of prey.,bird of prey,9999
a photo of a dummy0.,dummy0,9999
a photo of a passerine.,passerine,9999
a photo of a aquatic bird.,aquatic bird,9999
a photo of a apodiform bird.,apodiform bird,9999
a photo of a Old World buffalo.,Old World buffalo,9999
a photo of a goat.,goat,9999
a photo of a cattle.,cattle,9999
a photo of a camel.,camel,9999
a photo of a apple.,apple,9999
a photo of a cabbage.,cabbage,9999
a photo of a pepper.,pepper,9999
a photo of a squash.,squash,9999
a photo of a soup.,soup,9999
a photo of a sandwich.,sandwich,9999
a photo of a stew.,stew,9999
a photo of a potato.,potato,9999
a photo of a motorcycle.,motorcycle,9999
a photo of a dip.,dip,9999
a photo of a loaf of bread.,loaf of bread,9999
a photo of a cracker.,cracker,9999
a photo of a bun.,bun,9999
a photo of a pudding.,pudding,9999
a photo of a frozen dessert.,frozen dessert,9999
a photo of a punch.,punch,9999
a photo of a wine.,wine,9999
a photo of a cooker.,cooker,9999
a photo of a sauce.,sauce,9999
a photo of a coffee maker.,coffee maker,9999
a photo of a car.,car,9999
a photo of a bus.,bus,9999
a photo of a face mask.,face mask,9999
a photo of a spectacles.,spectacles,9999
a photo of a glove.,glove,9999
a photo of a body armor.,body armor,9999
a photo of a helmet.,helmet,9999
a photo of a hairpiece.,hairpiece,9999
a photo of a cap.,cap,9999
a photo of a clip.,clip,9999
a photo of a truck.,truck,9999
a photo of a hat.,hat,9999
a photo of a bag.,bag,9999
a photo of a ship.,ship,9999
a photo of a boat.,boat,9999
a photo of a airplane.,airplane,9999
a photo of a handcart.,handcart,9999
a photo of a bicycle.,bicycle,9999
a photo of a passenger train.,passenger train,9999
a photo of a locomotive.,locomotive,9999
a photo of a sheath.,sheath,9999
a photo of a fan.,fan,9999
a photo of a ball.,ball,9999
a photo of a weight.,weight,9999
a photo of a jug.,jug,9999
a photo of a bottle.,bottle,9999
a photo of a glass.,glass,9999
a photo of a bowl.,bowl,9999
a photo of a spoon.,spoon,9999
a photo of a stringed instrument.,stringed instrument,9999
a photo of a keyboard instrument.,keyboard instrument,9999
a photo of a wind instrument.,wind instrument,9999
a photo of a mug.,mug,9999
a photo of a percussion instrument.,percussion instrument,9999
a photo of a mat.,mat,9999
a photo of a rug.,rug,9999
a photo of a cushion.,cushion,9999
a photo of a curtain.,curtain,9999
a photo of a chest of drawers.,chest of drawers,9999
a photo of a cabinet.,cabinet,9999
a photo of a chair.,chair,9999
a photo of a sofa.,sofa,9999
a photo of a towel.,towel,9999
a photo of a pin.,pin,9999
a photo of a eraser.,eraser,9999
a photo of a sharpener.,sharpener,9999
a photo of a gymnastic apparatus.,gymnastic apparatus,9999
a photo of a camera.,camera,9999
a photo of a telephone.,telephone,9999
a photo of a digital computer.,digital computer,9999
a photo of a display.,display,9999
a photo of a audio system.,audio system,9999
a photo of a meter.,meter,9999
a photo of a timepiece.,timepiece,9999
a photo of a compass.,compass,9999
a photo of a measuring stick.,measuring stick,9999
a photo of a telescope.,telescope,9999
a photo of a microscope.,microscope,9999
a photo of a pot.,pot,9999
a photo of a pan.,pan,9999
a photo of a knife.,knife,9999
a photo of a opener.,opener,9999
a photo of a firearm.,firearm,9999
a photo of a lock.,lock,9999
a photo of a pen.,pen,9999
a photo of a brace.,brace,9999
a photo of a bed.,bed,9999
a photo of a necktie.,necktie,9999
a photo of a jewelry.,jewelry,9999
a photo of a hawk.,hawk,9999
a photo of a titmouse.,titmouse,9999
a photo of a nightingale.,nightingale,9999
a photo of a duck.,duck,9999
a photo of a stork.,stork,9999
a photo of a penguin.,penguin,9999
a photo of a snipe.,snipe,9999
a photo of a heron.,heron,9999
a photo of a eagle.,eagle,9999
a photo of a swan.,swan,9999
a photo of a sandpiper.,sandpiper,9999
a photo of a gallinule.,gallinule,9999
a photo of a rail.,rail,9999
a photo of a grouse.,grouse,9999
a photo of a phasianid.,phasianid,9999
a photo of a parrot.,parrot,9999
a photo of a cuckoo.,cuckoo,9999
a photo of a coral.,coral,9999
a photo of a plover.,plover,9999
a photo of a snake.,snake,9999
a photo of a owl.,owl,9999
a photo of a seal.,seal,9999
a photo of a sheep.,sheep,9999
a photo of a antelope.,antelope,9999
a photo of a horse.,horse,9999
a photo of a wild sheep.,wild sheep,9999
a photo of a squirrel.,squirrel,9999
a photo of a dog.,dog,9999
a photo of a bear.,bear,9999
a photo of a fox.,fox,9999
a photo of a elephant.,elephant,9999
a photo of a wild dog.,wild dog,9999
a photo of a wolf.,wolf,9999
a photo of a kangaroo.,kangaroo,9999
a photo of a phalanger.,phalanger,9999
a photo of a ape.,ape,9999
a photo of a lemur.,lemur,9999
a photo of a monkey.,monkey,9999
a photo of a sea cow.,sea cow,9999
a photo of a whale.,whale,9999
a photo of a domestic cat.,domestic cat,9999
a photo of a turtle.,turtle,9999
a photo of a crocodile.,crocodile,9999
a photo of a alligator.,alligator,9999
a photo of a signboard.,signboard,9999
a photo of a bridge.,bridge,9999
a photo of a dress.,dress,9999
a photo of a nightwear.,nightwear,9999
a photo of a coat.,coat,9999
a photo of a swimsuit.,swimsuit,9999
a photo of a trouser.,trouser,9999
a photo of a shirt.,shirt,9999
a photo of a dummy45.,dummy45,9999
a photo of a sweater.,sweater,9999
a photo of a skirt.,skirt,9999
a photo of a makeup.,makeup,9999
a photo of a cream.,cream,9999
a photo of a adhesive bandage.,adhesive bandage,9999
a photo of a tights.,tights,9999
a photo of a stocking.,stocking,9999
a photo of a shoe.,shoe,9999
a photo of a boot.,boot,9999
a photo of a undergarment.,undergarment,9999
a photo of a dummy47.,dummy47,9999
a photo of a tower.,tower,9999
a photo of a dummy46.,dummy46,9999
a photo of a lizard.,lizard,9999
a photo of a dinosaur.,dinosaur,9999
a photo of a frog.,frog,9999
a photo of a salamander.,salamander,9999
a photo of a mushroom.,mushroom,9999
a photo of a orchid.,orchid,9999
a photo of a fence.,fence,9999
a photo of a gate.,gate,9999
a photo of a roof.,roof,9999
a photo of a memorial.,memorial,9999
a photo of a reservoir.,reservoir,9999
a photo of a column.,column,9999
a photo of a theater.,theater,9999
a photo of a dummy49.,dummy49,9999
a photo of a dwelling.,dwelling,9999
a photo of a mercantile establishment.,mercantile establishment,9999
a photo of a outbuilding.,outbuilding,9999
a photo of a place of worship.,place of worship,9999
a photo of a factory.,factory,9999
a photo of a scarf.,scarf,9999
a photo of a living thing.,living thing,9999
